,RMSE,MAE,R2,NSE,KGE
Column Mean,977.7228965880236,281.74641016893554,0.1311430809194396,0.1311430809194396,0.059769895200196266
Historical Mean,1072.495073527225,284.83143634382697,-0.0454597190384598,-0.0454597190384598,0.17331089449731518
Seasonal Mean,930.8672143588292,196.06562339385525,0.2124245655309438,0.2124245655309438,0.5606046188535033
MissForest,319.3130120855266,77.6378326724659,0.8895289324799778,0.8895289324799778,0.8943373511109926
